{
  "STQ": 0.3251330597877469,
  "AQ": 0.23017990354179035,
  "IoU": 0.4592560207922329,
  "STQ_per_seq": [
    0.3688432822906186,
    0.4061950684566876,
    0.2433165467387546,
    0.33984821460870707,
    0.38318529572802146,
    0.20439991445213215,
    0.35460834318587603,
    0.24428999796699377,
    0.3236923816802702
  ],
  "AQ_per_seq": [
    0.29932587366212793,
    0.45718721330645057,
    0.16735464995483834,
    0.32774119422873843,
    0.3623463315904097,
    0.11707474788312684,
    0.3268469662838077,
    0.13417784444409067,
    0.3112182756054851
  ],
  "IoU_per_seq": [
    0.45450587089735445,
    0.36089030671979466,
    0.3537573765225455,
    0.35240247795069,
    0.40522273322790686,
    0.3568602605042236,
    0.3847276861301608,
    0.44476495619647793,
    0.3366664690690134
  ],
  "ID_per_seq": [
    "0002",
    "0006",
    "0007",
    "0008",
    "0010",
    "0013",
    "0014",
    "0016",
    "0018"
  ],
  "Length_per_seq": [
    233,
    270,
    800,
    390,
    294,
    340,
    106,
    209,
    339
  ]
}