{
  "STQ": 0.2133778928695004,
  "AQ": 0.11922695995730068,
  "IoU": 0.3818777664190542,
  "STQ_per_seq": [
    0.2867216753528324,
    0.23047479926986358,
    0.11635428388504779,
    0.2337481468295336,
    0.24500633496393903,
    0.13195439896369937,
    0.27215352462359815,
    0.18698941442594244,
    0.25697154173285286
  ],
  "AQ_per_seq": [
    0.20660429984467976,
    0.1603624345685247,
    0.04713952783962764,
    0.1677254983454107,
    0.19517952655436088,
    0.06683053756392271,
    0.2267127826540029,
    0.09071246206927545,
    0.18578396973675904
  ],
  "IoU_per_seq": [
    0.3979071063813194,
    0.3312411241535854,
    0.287196753952664,
    0.32575962918721124,
    0.3075532830321885,
    0.2605390296197571,
    0.32670209459731,
    0.38544914678486714,
    0.35543633476087705
  ],
  "ID_per_seq": [
    "0002",
    "0006",
    "0007",
    "0008",
    "0010",
    "0013",
    "0014",
    "0016",
    "0018"
  ],
  "Length_per_seq": [
    233,
    270,
    800,
    390,
    294,
    340,
    106,
    209,
    339
  ]
}