{
  "STQ": 0.32295307465064305,
  "AQ": 0.2270620690992559,
  "IoU": 0.4593399894577355,
  "STQ_per_seq": [
    0.3692281262799099,
    0.40603755907750644,
    0.2347461323204703,
    0.34808787824184584,
    0.3716292890516057,
    0.19376989457089425,
    0.35464556678989584,
    0.2474610563851792,
    0.33261089581631836
  ],
  "AQ_per_seq": [
    0.29995082124464295,
    0.4568327170660931,
    0.15597901131879358,
    0.34474482078589447,
    0.34061981429920873,
    0.10592678309432048,
    0.3269155888125371,
    0.13768390151722518,
    0.3286821344179607
  ],
  "IoU_per_seq": [
    0.45450587089735445,
    0.36089030671979466,
    0.3532894982055844,
    0.3514633539749691,
    0.40546181602836573,
    0.3544596649232958,
    0.3847276861301608,
    0.44476495619647793,
    0.3365866179846996
  ],
  "ID_per_seq": [
    "0002",
    "0006",
    "0007",
    "0008",
    "0010",
    "0013",
    "0014",
    "0016",
    "0018"
  ],
  "Length_per_seq": [
    233,
    270,
    800,
    390,
    294,
    340,
    106,
    209,
    339
  ]
}