{
  "STQ": 0.4774001580930883,
  "AQ": 0.4293899687517141,
  "IoU": 0.5307783775430731,
  "STQ_per_seq": [
    0.3962526421064112,
    0.38180626593010275,
    0.530763225512725,
    0.4574123082521055,
    0.4269692556984785,
    0.2961204475295651,
    0.4235652106771703,
    0.3392277331179413,
    0.43676902287968683
  ],
  "AQ_per_seq": [
    0.3467353321271909,
    0.3518076580052404,
    0.6572677318748132,
    0.5377307098222139,
    0.43708469245999265,
    0.22626730507624798,
    0.4235014256292664,
    0.22896424214135075,
    0.4790250697542963
  ],
  "IoU_per_seq": [
    0.45284152443603376,
    0.4143628525031054,
    0.4286070772911879,
    0.3890907026859115,
    0.41708792015954504,
    0.38753862125843097,
    0.4236290053319659,
    0.5025913821307326,
    0.3982404917661732
  ],
  "ID_per_seq": [
    "0002",
    "0006",
    "0007",
    "0008",
    "0010",
    "0013",
    "0014",
    "0016",
    "0018"
  ],
  "Length_per_seq": [
    233,
    270,
    800,
    390,
    294,
    340,
    106,
    209,
    339
  ]
}