{
  "STQ": 0.3123974806535547,
  "AQ": 0.2161500377459324,
  "IoU": 0.45150205355689155,
  "STQ_per_seq": [
    0.37526137050438124,
    0.39081880652357354,
    0.2422355730450255,
    0.3335219949416685,
    0.310157258086375,
    0.2045545630784419,
    0.3724757416104725,
    0.2679775512750585,
    0.3432843087973886
  ],
  "AQ_per_seq": [
    0.2860808647155143,
    0.3970186721592832,
    0.1669526327141517,
    0.3058392227840244,
    0.23700543678764385,
    0.11996808845023675,
    0.323391265551521,
    0.14747522701523383,
    0.29930403586756693
  ],
  "IoU_per_seq": [
    0.49224227678723764,
    0.384715758333985,
    0.35146539407328586,
    0.36371044922653006,
    0.4058874178057398,
    0.3487808284414628,
    0.4290102821783492,
    0.48694258310894895,
    0.3937271220714288
  ],
  "ID_per_seq": [
    "0002",
    "0006",
    "0007",
    "0008",
    "0010",
    "0013",
    "0014",
    "0016",
    "0018"
  ],
  "Length_per_seq": [
    233,
    270,
    800,
    390,
    294,
    340,
    106,
    209,
    339
  ]
}