{
  "STQ": 0.26829511692738456,
  "AQ": 0.17950924801621526,
  "IoU": 0.4009947708130152,
  "STQ_per_seq": [
    0.3126620985616543,
    0.33346901263844364,
    0.19423105747597372,
    0.32588800968506043,
    0.3005052914478436,
    0.1604447584762543,
    0.3204406582089973,
    0.21725119865424755,
    0.251035380316098
  ],
  "AQ_per_seq": [
    0.22674126850869064,
    0.31756441029749555,
    0.1203832028648886,
    0.3097497568908596,
    0.2843454535959358,
    0.0901369934386845,
    0.2782143738960535,
    0.12048966414669199,
    0.20065187116171046
  ],
  "IoU_per_seq": [
    0.4311415761230546,
    0.35017016637942655,
    0.3133801293738316,
    0.3428670805830872,
    0.3175835204894028,
    0.28559329017352764,
    0.3690758820095312,
    0.39171893830864446,
    0.3140701445024629
  ],
  "ID_per_seq": [
    "0002",
    "0006",
    "0007",
    "0008",
    "0010",
    "0013",
    "0014",
    "0016",
    "0018"
  ],
  "Length_per_seq": [
    233,
    270,
    800,
    390,
    294,
    340,
    106,
    209,
    339
  ]
}