{
  "STQ": 0.25943482195383955,
  "AQ": 0.1703111358276327,
  "IoU": 0.39519686434561413,
  "STQ_per_seq": [
    0.3152578934439249,
    0.33575528934718757,
    0.19164687297998362,
    0.2760212228970806,
    0.2878818067358956,
    0.1346280792817855,
    0.3003405879390281,
    0.24671577032729466,
    0.24333481784917074
  ],
  "AQ_per_seq": [
    0.24511925162675147,
    0.34340610987533143,
    0.11811160636282723,
    0.23145129462199227,
    0.2588710814595852,
    0.06791056115980831,
    0.26147171663632485,
    0.1559819469174938,
    0.19999360090937002
  ],
  "IoU_per_seq": [
    0.4054660689403569,
    0.32827492313849393,
    0.3109645618583796,
    0.3291738575670104,
    0.32014365676632006,
    0.26689103169757816,
    0.3449874805733748,
    0.3902289497667747,
    0.29606864073876943
  ],
  "ID_per_seq": [
    "0002",
    "0006",
    "0007",
    "0008",
    "0010",
    "0013",
    "0014",
    "0016",
    "0018"
  ],
  "Length_per_seq": [
    233,
    270,
    800,
    390,
    294,
    340,
    106,
    209,
    339
  ]
}